{"cameraMode":{"drawMode":0,"name":"Shaded","section":"Shading Mode"},"sceneLighting":true,"audioPlay":false,"sceneViewState":{"m_AlwaysRefresh":false,"showFog":true,"showSkybox":true,"showFlares":true,"showImageEffects":true,"showParticleSystems":true,"showVisualEffectGraphs":true,"m_FxEnabled":true},"in2DMode":false,"pivot":{"x":2.4738545417785646,"y":2.3930201530456545,"z":2.9278059005737306},"rotation":{"x":-0.024189697578549386,"y":-0.09821511059999466,"z":0.002388015389442444,"w":-0.9948672652244568},"size":11.707334518432618,"orthographic":true}