{"cameraMode":{"drawMode":0,"name":"Shaded","section":"Shading Mode"},"sceneLighting":true,"audioPlay":false,"sceneViewState":{"m_AlwaysRefresh":false,"showFog":true,"showSkybox":true,"showFlares":true,"showImageEffects":true,"showParticleSystems":true,"showVisualEffectGraphs":true,"m_FxEnabled":true},"in2DMode":false,"pivot":{"x":9.199029922485352,"y":4.188986778259277,"z":-0.40979576110839846},"rotation":{"x":-0.11479002982378006,"y":-0.11388202011585236,"z":0.013249143958091736,"w":-0.9867520928382874},"size":10.700567245483399,"orthographic":true}