{"cameraMode":{"drawMode":0,"name":"Shaded","section":"Shading Mode"},"sceneLighting":true,"audioPlay":false,"sceneViewState":{"m_AlwaysRefresh":false,"showFog":true,"showSkybox":true,"showFlares":true,"showImageEffects":true,"showParticleSystems":true,"showVisualEffectGraphs":true,"m_FxEnabled":true},"in2DMode":false,"pivot":{"x":9.199029922485352,"y":4.188986778259277,"z":-0.40979576110839846},"rotation":{"x":-0.11555058509111405,"y":0.00506321107968688,"z":-0.0005879050586372614,"w":-0.9932886958122253},"size":7.79630184173584,"orthographic":true}