{"cameraMode":{"drawMode":0,"name":"Shaded","section":"Shading Mode"},"sceneLighting":true,"audioPlay":false,"sceneViewState":{"m_AlwaysRefresh":false,"showFog":true,"showSkybox":true,"showFlares":true,"showImageEffects":true,"showParticleSystems":true,"showVisualEffectGraphs":true,"m_FxEnabled":true},"in2DMode":false,"pivot":{"x":2.4738545417785646,"y":2.3930201530456545,"z":2.9278059005737306},"rotation":{"x":-0.11550212651491165,"y":0.028897933661937715,"z":-0.003361740615218878,"w":-0.9928804039955139},"size":7.453968524932861,"orthographic":true}